Filename,label,Upper_left_corner_x,Upper_left_corner_y,Lower_right_corner_x,Lower_right_corner_y
trainBag_00000.jpg,stop,419,100,435,141
trainBag_00001.jpg,stop,419,100,435,141
trainBag_00002.jpg,stop,419,100,435,141
trainBag_00003.jpg,stop,419,100,435,141
trainBag_00004.jpg,stop,419,100,435,141
trainBag_00005.jpg,stop,419,100,435,141
trainBag_00006.jpg,stop,419,100,435,141
trainBag_00007.jpg,stop,419,100,435,141
trainBag_00008.jpg,stop,419,100,435,141
trainBag_00009.jpg,stop,419,100,435,141
trainBag_00010.jpg,stop,419,100,435,141
trainBag_00011.jpg,stop,419,100,435,141
trainBag_00012.jpg,stop,419,100,435,141
trainBag_00013.jpg,stop,419,100,435,141
trainBag_00014.jpg,stop,419,100,435,141
trainBag_00015.jpg,stop,419,100,435,141
trainBag_00016.jpg,stop,419,100,435,141
trainBag_00017.jpg,stop,419,100,435,141
trainBag_00018.jpg,stop,419,100,435,141
trainBag_00019.jpg,stop,419,100,435,141
trainBag_00020.jpg,stop,419,100,435,141
trainBag_00021.jpg,stop,419,100,435,141
trainBag_00022.jpg,go,419,100,435,141
trainBag_00023.jpg,go,419,100,435,141
trainBag_00024.jpg,go,419,100,435,141
trainBag_00025.jpg,go,419,100,435,141
trainBag_00026.jpg,go,419,100,435,141
trainBag_00027.jpg,go,419,100,435,141
trainBag_00028.jpg,go,419,100,435,141
trainBag_00029.jpg,go,419,100,435,141
trainBag_00030.jpg,go,419,101,435,142
trainBag_00031.jpg,go,419,102,435,143
trainBag_00032.jpg,go,419,102,435,143
trainBag_00033.jpg,go,419,102,435,143
trainBag_00034.jpg,go,419,102,435,143
trainBag_00035.jpg,go,419,102,435,143
trainBag_00036.jpg,go,419,102,435,143
trainBag_00037.jpg,go,419,102,435,143
trainBag_00038.jpg,go,419,102,435,143
trainBag_00039.jpg,go,419,102,435,143
trainBag_00040.jpg,go,419,103,435,144
trainBag_00041.jpg,go,419,104,435,145
trainBag_00042.jpg,go,419,104,435,145
trainBag_00043.jpg,go,419,104,435,145
trainBag_00044.jpg,go,419,104,435,145
trainBag_00045.jpg,go,419,104,435,145
trainBag_00046.jpg,go,419,105,435,146
trainBag_00047.jpg,go,419,106,435,147
trainBag_00048.jpg,go,419,106,435,147
trainBag_00049.jpg,go,419,106,435,147
trainBag_00050.jpg,go,419,106,435,147
trainBag_00051.jpg,go,419,106,435,147
trainBag_00052.jpg,go,419,106,435,147
trainBag_00053.jpg,go,419,106,435,147
trainBag_00054.jpg,go,419,106,433,148
trainBag_00055.jpg,go,419,106,433,148
trainBag_00056.jpg,go,419,106,433,148
trainBag_00057.jpg,go,416,104,433,148
trainBag_00058.jpg,go,416,104,433,148
trainBag_00059.jpg,go,416,104,431,147
trainBag_00060.jpg,go,416,104,431,147
trainBag_00061.jpg,go,415,105,430,148
trainBag_00062.jpg,go,415,105,430,148
trainBag_00063.jpg,go,414,105,430,150
trainBag_00064.jpg,go,413,105,428,151
trainBag_00065.jpg,go,415,105,430,151
trainBag_00066.jpg,go,415,105,430,151
trainBag_00067.jpg,go,414,104,429,150
trainBag_00068.jpg,go,412,104,428,148
trainBag_00069.jpg,go,412,104,428,148
trainBag_00070.jpg,go,412,104,428,148
trainBag_00071.jpg,go,412,104,428,148
trainBag_00072.jpg,go,412,104,428,148
trainBag_00073.jpg,go,410,104,427,150
trainBag_00074.jpg,go,411,104,428,151
trainBag_00075.jpg,go,411,105,428,151
trainBag_00076.jpg,go,410,103,426,152
trainBag_00077.jpg,go,412,103,428,152
trainBag_00078.jpg,go,410,101,428,150
trainBag_00079.jpg,go,411,100,429,149
trainBag_00080.jpg,go,409,98,427,147
trainBag_00081.jpg,go,409,98,427,147
trainBag_00082.jpg,go,409,98,427,147
trainBag_00083.jpg,go,410,97,428,146
trainBag_00084.jpg,go,410,97,428,146
trainBag_00085.jpg,go,410,97,428,146
trainBag_00086.jpg,go,410,97,428,146
trainBag_00087.jpg,go,408,97,426,146
trainBag_00088.jpg,go,408,94,426,146
trainBag_00089.jpg,go,408,94,426,146
trainBag_00090.jpg,go,407,94,425,148
trainBag_00091.jpg,go,407,94,425,148
trainBag_00092.jpg,go,407,96,425,150
trainBag_00093.jpg,go,407,96,425,150
trainBag_00094.jpg,go,407,96,426,152
trainBag_00095.jpg,go,405,94,424,150
trainBag_00096.jpg,go,405,94,424,150
trainBag_00097.jpg,go,402,94,423,152
trainBag_00098.jpg,go,402,94,423,152
trainBag_00099.jpg,go,402,94,423,152
trainBag_00100.jpg,go,399,93,421,153
trainBag_00101.jpg,go,398,93,419,153
trainBag_00102.jpg,go,398,93,419,153
trainBag_00103.jpg,go,394,93,415,153
trainBag_00104.jpg,go,394,93,415,153
trainBag_00105.jpg,go,391,91,413,155
trainBag_00106.jpg,go,391,91,413,155
trainBag_00107.jpg,go,385,87,412,155
trainBag_00108.jpg,go,382,87,406,155
trainBag_00109.jpg,go,381,86,405,154
trainBag_00110.jpg,go,378,85,402,155
trainBag_00111.jpg,go,376,84,400,156
trainBag_00112.jpg,go,374,84,398,156
trainBag_00113.jpg,go,370,85,394,157
trainBag_00114.jpg,go,370,85,394,157
trainBag_00115.jpg,go,364,82,391,159
trainBag_00116.jpg,go,364,82,391,159
trainBag_00117.jpg,go,357,82,384,159
trainBag_00118.jpg,go,353,76,380,158
trainBag_00119.jpg,go,348,75,377,159
trainBag_00120.jpg,go,339,74,370,160
trainBag_00121.jpg,go,336,75,367,161
trainBag_00122.jpg,go,329,75,360,164
trainBag_00123.jpg,go,319,75,348,166
trainBag_00124.jpg,go,315,74,346,168
trainBag_00125.jpg,go,303,70,336,165
trainBag_00126.jpg,go,299,70,332,165
trainBag_00127.jpg,go,285,67,320,166
trainBag_00128.jpg,go,270,64,307,167
trainBag_00129.jpg,go,261,64,298,167
trainBag_00130.jpg,go,243,58,280,165
trainBag_00131.jpg,go,234,53,272,164
trainBag_00132.jpg,go,213,46,252,159
trainBag_00133.jpg,go,190,39,232,157
trainBag_00134.jpg,go,177,39,221,157
trainBag_00135.jpg,go,150,41,195,166
trainBag_00136.jpg,go,137,46,182,171
trainBag_00137.jpg,go,109,49,156,180
trainBag_00138.jpg,go,78,47,129,184
trainBag_00139.jpg,go,64,46,115,184
trainBag_00140.jpg,go,32,36,86,181
trainBag_00141.jpg,go,15,32,70,180
trainBag_00142.jpg,go,0,27,38,183
trainBag_00221.jpg,stop,0,42,20,184
trainBag_00222.jpg,stop,0,49,41,183
trainBag_00223.jpg,stop,14,53,61,185
trainBag_00224.jpg,stop,23,54,70,186
trainBag_00225.jpg,stop,44,55,92,181
trainBag_00226.jpg,stop,56,55,103,178
trainBag_00227.jpg,stop,77,55,122,176
trainBag_00228.jpg,stop,98,49,143,170
trainBag_00229.jpg,stop,111,48,152,166
trainBag_00230.jpg,stop,136,46,178,161
trainBag_00231.jpg,stop,147,45,189,160
trainBag_00232.jpg,stop,170,49,210,161
trainBag_00233.jpg,stop,191,52,231,164
trainBag_00234.jpg,stop,202,57,239,164
trainBag_00235.jpg,stop,220,60,257,167
trainBag_00236.jpg,stop,230,63,267,167
trainBag_00237.jpg,stop,245,66,282,167
trainBag_00238.jpg,stop,261,67,297,167
trainBag_00239.jpg,stop,270,68,304,166
trainBag_00240.jpg,stop,283,71,317,167
trainBag_00241.jpg,stop,291,71,325,167
trainBag_00242.jpg,stop,300,73,334,169
trainBag_00243.jpg,stop,312,75,346,167
trainBag_00244.jpg,stop,317,76,351,168
trainBag_00245.jpg,stop,327,76,359,165
trainBag_00246.jpg,stop,332,77,364,166
trainBag_00247.jpg,stop,341,77,372,164
trainBag_00248.jpg,stop,346,77,377,164
trainBag_00249.jpg,stop,350,77,381,164
trainBag_00250.jpg,stop,356,78,387,165
trainBag_00251.jpg,stop,359,79,389,163
trainBag_00252.jpg,stop,364,81,394,165
trainBag_00253.jpg,stop,367,81,397,165
trainBag_00254.jpg,stop,367,81,397,165
trainBag_00255.jpg,stop,371,82,400,162
trainBag_00256.jpg,stop,374,82,403,162
trainBag_00257.jpg,stop,374,82,403,162
trainBag_00258.jpg,stop,377,83,406,161
trainBag_00259.jpg,stop,380,83,406,161
trainBag_00260.jpg,stop,380,83,408,158
trainBag_00261.jpg,stop,383,83,408,158
trainBag_00262.jpg,stop,383,83,411,155
trainBag_00263.jpg,stop,385,83,413,155
trainBag_00264.jpg,stop,386,83,414,155
trainBag_00265.jpg,stop,390,85,414,157
trainBag_00266.jpg,stop,390,85,417,158
trainBag_00267.jpg,stop,392,85,419,158
trainBag_00268.jpg,stop,394,85,421,158
trainBag_00269.jpg,stop,394,85,421,158
trainBag_00270.jpg,stop,397,85,423,155
trainBag_00271.jpg,stop,397,85,423,155
trainBag_00272.jpg,stop,399,84,423,155
trainBag_00273.jpg,stop,400,87,423,155
trainBag_00274.jpg,stop,400,87,427,154
trainBag_00275.jpg,stop,404,89,426,154
trainBag_00276.jpg,stop,404,89,429,154
trainBag_00277.jpg,stop,404,89,427,155
trainBag_00278.jpg,stop,404,89,427,155
trainBag_00279.jpg,stop,404,89,427,155
trainBag_00280.jpg,stop,404,89,427,155
trainBag_00281.jpg,stop,406,88,429,154
trainBag_00282.jpg,stop,406,88,429,154
trainBag_00283.jpg,stop,406,88,429,154
trainBag_00284.jpg,stop,406,88,429,154
trainBag_00285.jpg,stop,406,90,429,154
trainBag_00286.jpg,stop,407,90,430,154
trainBag_00287.jpg,stop,410,90,431,152
trainBag_00288.jpg,stop,410,90,431,152
trainBag_00289.jpg,stop,410,90,431,152
trainBag_00290.jpg,stop,410,90,431,152
trainBag_00291.jpg,stop,410,90,431,152
trainBag_00292.jpg,stop,410,90,431,152
trainBag_00293.jpg,stop,412,89,433,151
trainBag_00294.jpg,stop,412,89,433,151
trainBag_00295.jpg,stop,413,91,434,151
trainBag_00296.jpg,stop,413,91,434,151
trainBag_00297.jpg,stop,413,91,434,151
trainBag_00298.jpg,stop,413,91,434,151
trainBag_00299.jpg,stop,413,91,434,151
trainBag_00300.jpg,stop,413,91,434,151
trainBag_00301.jpg,stop,413,91,434,151
trainBag_00302.jpg,stop,416,91,437,151
trainBag_00303.jpg,stop,417,92,437,151
trainBag_00304.jpg,stop,417,92,437,151
trainBag_00305.jpg,stop,417,94,437,151
trainBag_00306.jpg,stop,417,94,437,151
trainBag_00307.jpg,stop,417,94,437,151
trainBag_00308.jpg,stop,417,96,437,153
trainBag_00309.jpg,stop,417,96,437,153
trainBag_00310.jpg,stop,417,96,437,153
trainBag_00311.jpg,stop,417,96,437,153
trainBag_00312.jpg,stop,417,96,437,153
trainBag_00313.jpg,stop,417,96,437,153
trainBag_00314.jpg,stop,417,96,437,153
trainBag_00315.jpg,stop,417,96,437,153
trainBag_00316.jpg,stop,417,96,437,153
trainBag_00317.jpg,stop,417,96,437,153
trainBag_00318.jpg,stop,417,96,437,153
trainBag_00319.jpg,stop,417,96,437,153
trainBag_00320.jpg,stop,417,96,437,153
trainBag_00321.jpg,stop,417,96,437,153
trainBag_00322.jpg,stop,417,96,437,153
trainBag_00323.jpg,stop,417,95,437,152
trainBag_00324.jpg,stop,417,95,437,152
trainBag_00325.jpg,stop,417,95,437,152
trainBag_00326.jpg,stop,417,95,437,152
trainBag_00327.jpg,stop,417,95,437,152
trainBag_00328.jpg,stop,417,95,437,152
trainBag_00329.jpg,stop,417,95,437,152
trainBag_00330.jpg,stop,417,95,437,152
trainBag_00331.jpg,stop,417,95,437,152
trainBag_00332.jpg,go,417,95,437,152
trainBag_00333.jpg,go,417,92,437,149
trainBag_00334.jpg,go,417,92,437,149
trainBag_00335.jpg,go,417,90,437,147
trainBag_00336.jpg,go,417,88,437,146
trainBag_00337.jpg,go,417,88,437,146
trainBag_00338.jpg,go,417,88,437,146
trainBag_00339.jpg,go,417,89,437,147
trainBag_00340.jpg,go,417,89,437,147
trainBag_00341.jpg,go,417,89,437,147
trainBag_00342.jpg,go,417,89,437,147
trainBag_00343.jpg,go,417,90,437,148
trainBag_00344.jpg,go,417,90,437,148
trainBag_00345.jpg,go,417,90,437,148
trainBag_00346.jpg,go,417,90,437,148
trainBag_00347.jpg,go,417,90,437,148
trainBag_00348.jpg,go,417,90,437,148
trainBag_00349.jpg,go,417,90,437,148
trainBag_00350.jpg,go,417,90,437,148
trainBag_00351.jpg,go,417,90,437,148
trainBag_00352.jpg,go,417,90,437,148
trainBag_00353.jpg,go,417,90,437,148
trainBag_00354.jpg,go,417,90,437,148
trainBag_00355.jpg,go,417,90,437,148
trainBag_00356.jpg,go,417,90,437,148
trainBag_00357.jpg,go,417,90,437,148
trainBag_00358.jpg,go,417,90,437,148
trainBag_00359.jpg,go,417,90,437,148
trainBag_00360.jpg,go,417,90,437,148
trainBag_00361.jpg,go,417,90,437,148
trainBag_00362.jpg,go,417,90,437,148
trainBag_00363.jpg,go,417,90,437,148
trainBag_00364.jpg,go,417,90,437,148
trainBag_00365.jpg,go,417,90,437,148
trainBag_00366.jpg,go,417,91,437,149
trainBag_00367.jpg,go,417,91,437,149
trainBag_00368.jpg,go,417,91,437,149
trainBag_00369.jpg,go,417,91,437,149
trainBag_00370.jpg,go,417,91,437,149
trainBag_00371.jpg,go,417,91,437,149
trainBag_00372.jpg,go,417,91,437,149
trainBag_00373.jpg,go,417,91,437,149
trainBag_00374.jpg,go,417,91,437,149
trainBag_00375.jpg,go,417,91,437,149
trainBag_00376.jpg,go,417,91,437,149
trainBag_00377.jpg,go,417,92,437,150
trainBag_00378.jpg,go,417,92,437,150
trainBag_00379.jpg,go,417,92,437,150
trainBag_00380.jpg,go,416,93,436,151
trainBag_00381.jpg,go,416,93,436,151
trainBag_00382.jpg,go,416,93,436,151
trainBag_00383.jpg,go,416,93,436,151
trainBag_00384.jpg,go,416,93,436,151
trainBag_00385.jpg,go,416,93,436,151
trainBag_00386.jpg,go,416,93,436,151
trainBag_00387.jpg,go,416,93,436,151
trainBag_00388.jpg,go,414,93,434,151
trainBag_00389.jpg,go,414,93,434,151
trainBag_00390.jpg,go,412,92,432,152
trainBag_00391.jpg,go,412,91,433,151
trainBag_00392.jpg,go,412,92,433,152
trainBag_00393.jpg,go,410,92,432,152
trainBag_00394.jpg,go,410,92,432,152
trainBag_00395.jpg,go,409,90,431,150
trainBag_00396.jpg,go,409,90,431,150
trainBag_00397.jpg,go,407,90,429,152
trainBag_00398.jpg,go,407,90,429,152
trainBag_00399.jpg,go,407,90,429,152
trainBag_00400.jpg,go,405,90,427,152
trainBag_00401.jpg,go,405,90,427,152
trainBag_00402.jpg,go,405,90,427,152
trainBag_00403.jpg,go,405,90,427,152
trainBag_00404.jpg,go,405,90,427,152
trainBag_00405.jpg,go,402,87,424,152
trainBag_00406.jpg,go,402,87,424,152
trainBag_00407.jpg,go,402,87,424,152
trainBag_00408.jpg,go,401,87,422,153
trainBag_00409.jpg,go,401,87,422,153
trainBag_00410.jpg,go,401,87,422,153
trainBag_00411.jpg,go,401,87,422,153
trainBag_00412.jpg,go,401,87,422,153
trainBag_00413.jpg,go,398,87,419,153
trainBag_00414.jpg,go,398,87,419,153
trainBag_00415.jpg,go,398,87,419,153
trainBag_00416.jpg,go,398,87,419,153
trainBag_00417.jpg,go,398,87,419,153
trainBag_00418.jpg,go,394,87,419,153
trainBag_00419.jpg,go,394,87,419,153
trainBag_00420.jpg,go,394,87,419,153
trainBag_00421.jpg,go,392,86,417,154
trainBag_00422.jpg,go,392,86,415,152
trainBag_00423.jpg,go,392,86,415,152
trainBag_00424.jpg,go,392,86,415,152
trainBag_00425.jpg,go,392,86,415,152
trainBag_00426.jpg,go,392,86,415,152
trainBag_00427.jpg,go,392,86,415,152
trainBag_00428.jpg,go,392,86,415,152
trainBag_00429.jpg,go,388,84,412,154
trainBag_00430.jpg,go,388,84,412,154
trainBag_00431.jpg,go,388,84,412,154
trainBag_00432.jpg,go,388,84,412,154
trainBag_00433.jpg,go,388,84,412,154
trainBag_00434.jpg,go,388,84,412,154
trainBag_00435.jpg,go,388,84,412,154
trainBag_00436.jpg,go,388,84,412,154
trainBag_00437.jpg,go,385,84,410,155
trainBag_00438.jpg,go,385,84,410,155
trainBag_00439.jpg,go,385,84,410,155
trainBag_00440.jpg,go,385,84,410,155
trainBag_00441.jpg,go,385,84,410,155
trainBag_00442.jpg,go,383,81,408,152
trainBag_00443.jpg,go,383,81,408,152
trainBag_00444.jpg,go,383,81,408,152
trainBag_00445.jpg,go,383,81,408,152
trainBag_00446.jpg,go,383,81,408,152
trainBag_00447.jpg,go,383,81,408,152
trainBag_00448.jpg,go,382,77,408,152
trainBag_00449.jpg,go,382,77,408,152
trainBag_00450.jpg,go,382,77,408,152
trainBag_00451.jpg,go,382,78,408,152
trainBag_00452.jpg,go,382,78,408,152
trainBag_00453.jpg,go,382,78,408,152
trainBag_00454.jpg,go,382,78,408,152
trainBag_00455.jpg,go,382,78,408,152
trainBag_00456.jpg,go,382,78,408,152
trainBag_00457.jpg,warning,382,78,408,152
trainBag_00458.jpg,warning,382,78,408,152
trainBag_00459.jpg,warning,382,78,408,152
trainBag_00460.jpg,warning,382,78,408,152
trainBag_00461.jpg,warning,382,78,408,152
trainBag_00462.jpg,warning,382,78,408,152
trainBag_00463.jpg,warning,382,78,408,152
trainBag_00464.jpg,warning,382,78,408,152
trainBag_00465.jpg,warning,382,78,408,152
trainBag_00466.jpg,warning,382,78,408,152
trainBag_00467.jpg,warning,382,78,408,152
trainBag_00468.jpg,warning,382,78,408,152
trainBag_00469.jpg,warning,382,78,408,152
trainBag_00470.jpg,warning,382,73,408,147
trainBag_00471.jpg,warning,382,73,408,147
trainBag_00472.jpg,warning,382,73,408,147
trainBag_00473.jpg,warning,382,73,408,147
trainBag_00474.jpg,warning,384,71,410,145
trainBag_00475.jpg,warning,384,71,410,145
trainBag_00476.jpg,warning,386,72,412,146
trainBag_00477.jpg,warning,388,72,414,146
trainBag_00478.jpg,warning,388,72,414,146
trainBag_00479.jpg,warning,391,72,417,146
trainBag_00480.jpg,warning,394,76,419,146
trainBag_00481.jpg,warning,396,76,421,146
trainBag_00482.jpg,warning,398,75,423,145
trainBag_00483.jpg,warning,399,74,424,144
trainBag_00484.jpg,warning,402,77,427,147
trainBag_00485.jpg,warning,405,77,430,147
trainBag_00486.jpg,warning,407,77,432,147
trainBag_00487.jpg,warning,409,79,434,149
trainBag_00488.jpg,warning,412,80,436,148
trainBag_00489.jpg,warning,415,81,439,149
trainBag_00490.jpg,warning,417,83,441,148
trainBag_00491.jpg,warning,417,83,441,148
trainBag_00492.jpg,warning,421,83,445,148
trainBag_00493.jpg,warning,423,84,447,149
trainBag_00494.jpg,warning,427,85,451,150
trainBag_00495.jpg,warning,429,85,453,150
trainBag_00496.jpg,warning,431,88,455,151
trainBag_00497.jpg,warning,435,88,459,150
trainBag_00498.jpg,warning,438,88,460,149
trainBag_00499.jpg,warning,442,88,464,149
trainBag_00500.jpg,warning,449,88,471,149
trainBag_00501.jpg,warning,451,88,473,149
trainBag_00502.jpg,warning,458,87,479,148
trainBag_00503.jpg,warning,461,88,482,148
trainBag_00504.jpg,warning,467,89,488,149
trainBag_00505.jpg,warning,473,89,494,149
trainBag_00506.jpg,warning,476,90,497,148
trainBag_00507.jpg,warning,483,90,504,148
trainBag_00508.jpg,warning,486,90,506,147
trainBag_00509.jpg,warning,493,89,513,146
trainBag_00510.jpg,warning,498,90,518,147
trainBag_00511.jpg,warning,501,91,521,148
trainBag_00512.jpg,warning,505,91,525,148
trainBag_00513.jpg,warning,508,92,528,149
trainBag_00514.jpg,warning,512,91,532,148
trainBag_00515.jpg,warning,517,91,537,148
trainBag_00516.jpg,warning,519,91,539,148
trainBag_00517.jpg,warning,522,91,542,147
trainBag_00518.jpg,warning,524,91,544,147
trainBag_00519.jpg,stop,524,91,544,147
trainBag_00520.jpg,stop,524,91,544,147
trainBag_00521.jpg,stop,524,91,544,147
trainBag_00522.jpg,stop,524,91,544,147
trainBag_00523.jpg,stop,522,91,542,144
trainBag_00524.jpg,stop,522,91,542,144
trainBag_00525.jpg,stop,518,93,537,145
trainBag_00526.jpg,stop,518,93,537,145
trainBag_00527.jpg,stop,514,93,533,145
trainBag_00528.jpg,stop,512,94,531,146
trainBag_00529.jpg,stop,508,95,527,147
trainBag_00530.jpg,stop,502,96,521,146
trainBag_00531.jpg,stop,500,96,519,146
trainBag_00532.jpg,stop,494,95,513,145
trainBag_00533.jpg,stop,492,95,511,145
trainBag_00534.jpg,stop,487,96,506,146
trainBag_00535.jpg,stop,482,95,501,145
trainBag_00536.jpg,stop,480,96,499,146
trainBag_00537.jpg,stop,476,96,495,146
trainBag_00538.jpg,stop,474,95,493,145
trainBag_00539.jpg,stop,471,95,490,145
trainBag_00540.jpg,stop,467,95,486,145
trainBag_00541.jpg,stop,467,95,483,145
trainBag_00542.jpg,stop,463,94,480,144
trainBag_00543.jpg,stop,461,95,478,145
trainBag_00544.jpg,stop,458,94,475,144
trainBag_00545.jpg,stop,455,96,473,145
trainBag_00546.jpg,stop,452,97,470,144
trainBag_00547.jpg,stop,449,97,467,144
trainBag_00548.jpg,stop,448,97,466,144
trainBag_00549.jpg,stop,445,98,463,145
trainBag_00550.jpg,stop,443,98,461,145
trainBag_00551.jpg,stop,441,98,459,145
trainBag_00552.jpg,stop,439,99,457,146
trainBag_00553.jpg,stop,439,99,457,146
trainBag_00554.jpg,stop,439,99,457,146
trainBag_00555.jpg,stop,437,99,455,146
trainBag_00556.jpg,stop,436,99,454,146
trainBag_00557.jpg,stop,436,99,454,146
trainBag_00558.jpg,stop,436,99,454,146
trainBag_00559.jpg,stop,435,100,453,147
trainBag_00560.jpg,stop,435,100,453,147
trainBag_00561.jpg,stop,435,100,453,147
trainBag_00562.jpg,stop,435,100,453,147
trainBag_00563.jpg,stop,435,100,453,147
trainBag_00564.jpg,stop,435,100,453,147
trainBag_00565.jpg,stop,435,100,453,147
trainBag_00566.jpg,stop,435,100,453,147
trainBag_00567.jpg,stop,435,100,453,147
trainBag_00568.jpg,stop,435,100,453,147
trainBag_00569.jpg,stop,435,98,453,145
trainBag_00570.jpg,stop,435,98,453,145
trainBag_00571.jpg,stop,435,98,453,145
trainBag_00572.jpg,stop,435,98,453,145
trainBag_00573.jpg,stop,435,98,453,145
trainBag_00574.jpg,stop,435,98,453,145
trainBag_00575.jpg,stop,435,98,453,145
trainBag_00576.jpg,stop,435,98,453,145
trainBag_00577.jpg,stop,435,98,453,145
trainBag_00578.jpg,stop,435,98,453,145
trainBag_00579.jpg,stop,435,98,453,145
trainBag_00580.jpg,stop,435,98,453,145
trainBag_00581.jpg,stop,435,98,453,145
trainBag_00582.jpg,stop,435,98,453,145
trainBag_00583.jpg,stop,435,98,453,145
trainBag_00584.jpg,stop,435,98,453,145
trainBag_00585.jpg,stop,435,98,453,145
trainBag_00586.jpg,stop,435,98,453,145
trainBag_00587.jpg,stop,435,98,453,145
trainBag_00588.jpg,stop,435,98,453,145
trainBag_00589.jpg,stop,435,98,453,145
trainBag_00590.jpg,stop,435,98,453,145
trainBag_00591.jpg,stop,435,98,453,145
trainBag_00592.jpg,stop,435,98,453,145
trainBag_00593.jpg,stop,435,98,453,145
trainBag_00595.jpg,stop,435,98,453,145
trainBag_00595.jpg,stop,435,98,453,145
trainBag_00596.jpg,stop,435,98,453,145
trainBag_00597.jpg,stop,435,98,453,145
trainBag_00598.jpg,stop,435,98,453,145
trainBag_00599.jpg,stop,435,98,453,145
trainBag_00600.jpg,stop,435,98,453,145
trainBag_00601.jpg,stop,435,98,453,145
trainBag_00602.jpg,stop,435,98,453,145
trainBag_00603.jpg,stop,435,98,453,145
trainBag_00604.jpg,stop,435,98,453,145
trainBag_00605.jpg,stop,435,98,453,145
trainBag_00606.jpg,stop,435,98,453,145
trainBag_00607.jpg,stop,435,98,453,145
trainBag_00608.jpg,stop,435,98,453,145
trainBag_00609.jpg,stop,435,98,453,145
trainBag_00610.jpg,stop,435,98,453,145
trainBag_00611.jpg,stop,435,98,453,145
trainBag_00612.jpg,stop,435,98,453,145
trainBag_00613.jpg,stop,435,98,453,145
trainBag_00614.jpg,stop,435,98,453,145
trainBag_00615.jpg,stop,435,98,453,145
trainBag_00616.jpg,stop,435,98,453,145
trainBag_00617.jpg,stop,435,98,453,145
trainBag_00618.jpg,stop,435,100,453,147
trainBag_00619.jpg,stop,435,100,453,147
trainBag_00620.jpg,stop,435,100,453,147
trainBag_00621.jpg,stop,435,103,453,150
trainBag_00622.jpg,stop,435,103,453,150
trainBag_00623.jpg,stop,435,103,453,150
trainBag_00624.jpg,stop,436,106,454,153
trainBag_00625.jpg,stop,436,106,454,153
trainBag_00626.jpg,stop,436,106,454,153
trainBag_00627.jpg,stop,436,106,454,153
trainBag_00628.jpg,stop,436,106,454,153
trainBag_00629.jpg,stop,435,106,453,153
trainBag_00630.jpg,stop,435,106,453,153
trainBag_00631.jpg,stop,434,104,452,154
trainBag_00632.jpg,stop,432,104,450,154
trainBag_00633.jpg,stop,432,104,450,154
trainBag_00634.jpg,stop,432,104,450,154
trainBag_00635.jpg,stop,432,104,450,154
trainBag_00636.jpg,stop,432,104,450,154
trainBag_00637.jpg,stop,430,102,448,152
trainBag_00638.jpg,stop,430,102,448,152
trainBag_00639.jpg,stop,430,102,448,152
trainBag_00640.jpg,stop,427,98,447,150
trainBag_00641.jpg,stop,427,98,447,150
trainBag_00642.jpg,go,426,98,446,150
trainBag_00643.jpg,go,426,98,446,150
trainBag_00644.jpg,go,426,98,446,150
trainBag_00645.jpg,go,424,97,444,149
trainBag_00646.jpg,go,424,97,444,149
trainBag_00647.jpg,go,422,96,442,153
trainBag_00648.jpg,go,422,97,442,153
trainBag_00649.jpg,go,422,97,442,153
trainBag_00650.jpg,go,422,97,442,153
trainBag_00651.jpg,go,420,94,441,151
trainBag_00652.jpg,go,420,94,441,151
trainBag_00653.jpg,go,420,94,441,151
trainBag_00654.jpg,go,418,90,439,147
trainBag_00655.jpg,go,416,90,437,149
trainBag_00656.jpg,go,416,90,437,149
trainBag_00657.jpg,go,416,90,436,149
trainBag_00658.jpg,go,416,90,436,149
trainBag_00659.jpg,go,416,90,436,149
trainBag_00660.jpg,go,412,90,433,152
trainBag_00661.jpg,go,412,90,433,152
trainBag_00662.jpg,go,407,89,429,153
trainBag_00663.jpg,go,407,89,429,153
trainBag_00664.jpg,go,402,88,424,152
trainBag_00665.jpg,go,396,86,420,152
trainBag_00666.jpg,go,393,86,417,152
trainBag_00667.jpg,go,385,84,409,152
trainBag_00668.jpg,go,382,84,406,152
trainBag_00669.jpg,go,371,84,395,152
trainBag_00670.jpg,go,364,84,388,154
trainBag_00671.jpg,go,359,84,383,154
trainBag_00672.jpg,go,351,84,377,155
trainBag_00673.jpg,go,346,84,372,155
trainBag_00674.jpg,go,338,83,364,156
trainBag_00675.jpg,go,329,82,356,156
trainBag_00676.jpg,go,324,81,351,155
trainBag_00677.jpg,go,316,82,343,158
trainBag_00678.jpg,go,310,82,337,158
trainBag_00679.jpg,go,304,82,331,160
trainBag_00680.jpg,go,294,79,322,160
trainBag_00681.jpg,go,291,79,319,160
trainBag_00682.jpg,go,278,76,308,157
trainBag_00683.jpg,go,275,75,305,158
trainBag_00684.jpg,go,264,73,295,158
trainBag_00685.jpg,go,259,76,290,162
trainBag_00686.jpg,go,253,76,284,162
trainBag_00687.jpg,go,247,75,279,165
trainBag_00688.jpg,go,243,75,275,165
trainBag_00689.jpg,go,235,75,267,165
trainBag_00690.jpg,go,226,73,258,166
trainBag_00691.jpg,go,222,72,254,165
trainBag_00692.jpg,go,214,70,248,166
trainBag_00693.jpg,go,208,70,242,166
trainBag_00694.jpg,go,198,68,234,167
trainBag_00695.jpg,go,188,66,225,168
trainBag_00696.jpg,go,182,66,219,168
trainBag_00697.jpg,go,172,64,210,169
trainBag_00698.jpg,go,166,62,204,167
trainBag_00699.jpg,go,154,56,193,166
trainBag_00700.jpg,go,143,50,182,163
trainBag_00701.jpg,go,138,48,179,161
trainBag_00702.jpg,go,127,41,169,158
trainBag_00703.jpg,go,121,42,163,159
trainBag_00704.jpg,go,107,42,151,162
trainBag_00705.jpg,go,94,46,139,171
trainBag_00706.jpg,go,87,48,132,173
trainBag_00707.jpg,go,74,51,120,177
trainBag_00708.jpg,go,68,50,116,179
trainBag_00709.jpg,go,56,46,104,180
trainBag_00710.jpg,go,43,44,92,181
trainBag_00711.jpg,go,35,41,86,182
trainBag_00712.jpg,go,20,37,74,182
trainBag_00713.jpg,go,14,34,68,179
trainBag_00714.jpg,go,0,30,54,178
trainBag_00715.jpg,go,0,30,39,181
trainBag_00716.jpg,go,0,28,31,183
trainBag_00717.jpg,go,0,28,17,188
trainBag_00793.jpg,warning,0,28,31,206
trainBag_00794.jpg,warning,0,33,46,201
trainBag_00795.jpg,warning,3,34,61,197
trainBag_00796.jpg,warning,11,36,68,196
trainBag_00797.jpg,warning,26,34,83,194
trainBag_00798.jpg,warning,33,34,90,190
trainBag_00799.jpg,warning,46,34,101,186
trainBag_00800.jpg,warning,59,36,112,184
trainBag_00801.jpg,warning,64,36,117,184
trainBag_00802.jpg,warning,77,36,130,181
trainBag_00803.jpg,warning,84,38,135,181
trainBag_00804.jpg,warning,96,41,146,180
trainBag_00805.jpg,warning,107,45,156,180
trainBag_00806.jpg,warning,111,46,160,181
trainBag_00807.jpg,warning,124,50,172,181
trainBag_00808.jpg,warning,128,50,176,181
trainBag_00809.jpg,warning,143,52,188,180
trainBag_00810.jpg,warning,156,52,201,180
trainBag_00811.jpg,warning,161,53,206,179
trainBag_00812.jpg,warning,173,54,218,178
trainBag_00813.jpg,warning,180,54,225,178
trainBag_00814.jpg,warning,191,54,235,175
trainBag_00815.jpg,warning,202,51,245,170
trainBag_00816.jpg,warning,208,49,251,168
trainBag_00817.jpg,warning,219,46,262,165
trainBag_00818.jpg,warning,225,46,266,161
trainBag_00819.jpg,warning,237,45,277,158
trainBag_00820.jpg,warning,249,47,287,159
trainBag_00821.jpg,warning,254,50,291,160
trainBag_00822.jpg,warning,262,55,299,163
trainBag_00823.jpg,warning,267,57,304,165
trainBag_00824.jpg,warning,274,61,311,166
trainBag_00825.jpg,warning,283,63,320,168
trainBag_00826.jpg,warning,285,64,322,169
trainBag_00827.jpg,warning,293,67,330,170
trainBag_00828.jpg,warning,297,68,334,171
trainBag_00829.jpg,stop,304,68,341,171
trainBag_00830.jpg,stop,311,68,348,171
trainBag_00831.jpg,stop,315,69,350,169
trainBag_00832.jpg,stop,322,69,357,169
trainBag_00833.jpg,stop,325,70,359,167
trainBag_00834.jpg,stop,331,72,364,168
trainBag_00835.jpg,stop,336,74,369,168
trainBag_00836.jpg,stop,340,74,372,166
trainBag_00837.jpg,stop,344,74,376,166
trainBag_00838.jpg,stop,346,74,378,166
trainBag_00839.jpg,stop,349,74,381,166
trainBag_00840.jpg,stop,352,77,382,166
trainBag_00841.jpg,stop,353,77,383,166
trainBag_00842.jpg,stop,355,78,385,167
trainBag_00843.jpg,stop,355,78,385,167
trainBag_00844.jpg,stop,355,78,385,167
trainBag_00845.jpg,stop,356,78,386,163
trainBag_00846.jpg,stop,356,78,386,163
trainBag_00847.jpg,stop,356,78,386,163
trainBag_00848.jpg,stop,356,78,386,163
trainBag_00849.jpg,stop,356,78,386,163
trainBag_00850.jpg,stop,356,78,385,159
trainBag_00851.jpg,stop,356,78,385,159
trainBag_00852.jpg,stop,356,78,385,159
trainBag_00853.jpg,stop,357,77,386,158
trainBag_00854.jpg,stop,357,76,386,157
trainBag_00855.jpg,stop,359,78,386,157
trainBag_00856.jpg,stop,359,78,386,157
trainBag_00857.jpg,stop,362,82,388,159
trainBag_00858.jpg,stop,362,82,388,159
trainBag_00859.jpg,stop,364,82,390,159
trainBag_00860.jpg,stop,364,82,390,157
trainBag_00861.jpg,stop,364,80,390,155
trainBag_00862.jpg,stop,366,82,392,156
trainBag_00863.jpg,stop,366,82,392,156
trainBag_00864.jpg,stop,366,82,392,156
trainBag_00865.jpg,stop,366,82,392,156
trainBag_00866.jpg,stop,366,82,392,156
trainBag_00867.jpg,stop,366,82,392,156
trainBag_00868.jpg,stop,366,82,392,156
trainBag_00869.jpg,stop,369,83,395,155
trainBag_00870.jpg,stop,369,83,395,155
trainBag_00871.jpg,stop,369,83,395,155
trainBag_00872.jpg,stop,369,83,395,155
trainBag_00873.jpg,stop,369,83,395,155
trainBag_00874.jpg,stop,369,83,395,155
trainBag_00875.jpg,stop,372,85,395,155
trainBag_00876.jpg,stop,372,85,395,155
trainBag_00877.jpg,stop,372,85,395,155
trainBag_00878.jpg,stop,372,85,395,155
trainBag_00879.jpg,stop,372,87,395,155
trainBag_00880.jpg,stop,372,87,395,155
trainBag_00881.jpg,stop,372,87,395,155
trainBag_00882.jpg,stop,372,87,395,155
trainBag_00883.jpg,stop,372,87,395,155
trainBag_00884.jpg,stop,372,87,395,155
trainBag_00885.jpg,stop,374,89,396,153
trainBag_00886.jpg,stop,374,89,396,153
trainBag_00887.jpg,stop,374,89,396,153
trainBag_00888.jpg,stop,374,89,396,153
trainBag_00889.jpg,stop,375,91,396,153
trainBag_00890.jpg,stop,375,91,396,153
trainBag_00891.jpg,stop,375,91,396,153
trainBag_00892.jpg,stop,375,91,398,153
trainBag_00893.jpg,stop,375,91,398,153
trainBag_00894.jpg,stop,375,91,398,153
trainBag_00895.jpg,stop,375,91,398,153
trainBag_00896.jpg,stop,378,91,399,151
trainBag_00897.jpg,stop,378,91,399,151
trainBag_00898.jpg,stop,378,91,399,151
trainBag_00899.jpg,stop,378,91,399,151
trainBag_00900.jpg,stop,378,91,399,151
trainBag_00901.jpg,stop,380,91,401,151
trainBag_00902.jpg,stop,380,91,401,151
trainBag_00903.jpg,stop,380,91,401,151
trainBag_00904.jpg,stop,380,91,401,148
trainBag_00905.jpg,stop,381,90,402,147
trainBag_00906.jpg,stop,381,90,402,147
trainBag_00907.jpg,stop,382,90,403,147
trainBag_00908.jpg,stop,382,90,403,147
trainBag_00909.jpg,stop,382,90,403,147
trainBag_00910.jpg,stop,382,90,403,147
trainBag_00911.jpg,stop,383,90,404,147
trainBag_00912.jpg,stop,383,90,404,147
trainBag_00913.jpg,stop,383,90,404,147
trainBag_00914.jpg,stop,383,90,404,147
trainBag_00915.jpg,stop,386,92,404,147
trainBag_00916.jpg,stop,386,92,404,147
trainBag_00917.jpg,stop,386,92,404,147
trainBag_00918.jpg,stop,386,92,404,147
trainBag_00919.jpg,stop,386,92,406,147
trainBag_00920.jpg,stop,387,91,406,145
trainBag_00921.jpg,stop,387,91,406,145
trainBag_00922.jpg,stop,387,91,406,145
trainBag_00923.jpg,stop,387,91,406,145
trainBag_00924.jpg,stop,387,91,406,145
trainBag_00925.jpg,stop,389,91,408,145
trainBag_00926.jpg,stop,389,91,408,145
trainBag_00927.jpg,stop,389,91,408,145
trainBag_00928.jpg,stop,389,91,408,145
trainBag_00929.jpg,stop,389,91,408,145
trainBag_00930.jpg,stop,389,91,408,145
trainBag_00931.jpg,stop,389,91,408,142
trainBag_00932.jpg,stop,389,91,408,142
trainBag_00933.jpg,stop,389,91,408,142
trainBag_00934.jpg,stop,389,91,408,142
trainBag_00935.jpg,stop,390,91,409,142
trainBag_00936.jpg,stop,390,91,409,142
trainBag_00937.jpg,stop,390,91,409,142
trainBag_00938.jpg,stop,390,91,409,142
trainBag_00939.jpg,stop,390,91,409,142
trainBag_00940.jpg,stop,390,91,409,142
trainBag_00941.jpg,stop,390,91,409,142
trainBag_00942.jpg,stop,390,91,409,142
trainBag_00943.jpg,stop,390,91,409,142
trainBag_00944.jpg,stop,390,91,409,142
trainBag_00945.jpg,stop,390,91,409,142
trainBag_00946.jpg,stop,390,91,409,142
trainBag_00947.jpg,stop,390,91,409,142
trainBag_00948.jpg,stop,390,91,409,142
trainBag_00949.jpg,stop,390,91,409,142
trainBag_00950.jpg,stop,390,91,409,142
trainBag_00951.jpg,stop,390,91,409,142
trainBag_00952.jpg,stop,390,91,409,142
trainBag_00953.jpg,go,390,91,409,142
trainBag_00954.jpg,go,390,91,409,142
trainBag_00955.jpg,go,390,91,409,142
trainBag_00956.jpg,go,390,91,409,142
trainBag_00957.jpg,go,390,91,409,142
trainBag_00958.jpg,go,390,91,407,142
trainBag_00959.jpg,go,390,91,407,142
trainBag_00960.jpg,go,390,91,407,142
trainBag_00961.jpg,go,390,91,407,142
trainBag_00962.jpg,go,390,91,407,142
trainBag_00963.jpg,go,390,91,407,142
trainBag_00964.jpg,go,390,96,409,143
trainBag_00965.jpg,go,390,96,406,143
trainBag_00966.jpg,go,390,96,406,143
trainBag_00967.jpg,go,390,96,406,143
trainBag_00968.jpg,go,390,96,406,143
trainBag_00969.jpg,go,391,98,407,145
trainBag_00970.jpg,go,391,98,407,145
trainBag_00971.jpg,go,391,98,407,145
trainBag_00972.jpg,go,391,98,407,145
trainBag_00973.jpg,go,391,98,407,145
trainBag_00974.jpg,go,391,98,407,145
trainBag_00975.jpg,go,391,98,407,145
trainBag_00976.jpg,go,391,98,407,145
trainBag_00977.jpg,go,391,98,407,145
trainBag_00978.jpg,go,391,98,407,145
trainBag_00979.jpg,go,391,98,407,145
trainBag_00980.jpg,go,391,98,407,145
trainBag_00981.jpg,go,391,98,407,145
trainBag_00982.jpg,go,390,97,406,142
trainBag_00983.jpg,go,390,97,406,142
trainBag_00984.jpg,go,390,97,406,142
trainBag_00985.jpg,go,390,97,406,142
trainBag_00986.jpg,go,390,97,406,142
trainBag_00987.jpg,go,390,97,406,142
trainBag_00988.jpg,go,390,97,406,142
trainBag_00989.jpg,go,390,97,406,142
trainBag_00990.jpg,go,390,97,406,142
trainBag_00991.jpg,go,391,96,407,141
trainBag_00992.jpg,go,391,96,407,141
trainBag_00993.jpg,go,391,96,407,141
trainBag_00994.jpg,go,391,96,407,141
trainBag_00995.jpg,go,391,96,407,141
trainBag_00996.jpg,go,391,96,407,141
trainBag_00997.jpg,go,391,96,407,141
trainBag_00998.jpg,go,391,96,407,141
trainBag_00999.jpg,go,391,96,407,141
trainBag_01000.jpg,go,391,96,407,141
trainBag_01001.jpg,go,391,96,407,141
trainBag_01002.jpg,go,391,96,407,141
trainBag_01003.jpg,go,391,98,407,143
trainBag_01004.jpg,go,391,98,407,143
trainBag_01005.jpg,go,391,98,407,143
trainBag_01006.jpg,go,391,98,407,143
trainBag_01007.jpg,go,391,98,407,143
trainBag_01008.jpg,go,391,98,407,143
trainBag_01009.jpg,go,391,98,407,143
trainBag_01010.jpg,go,391,98,407,143
trainBag_01011.jpg,go,391,98,406,141
trainBag_01012.jpg,go,391,98,406,141
trainBag_01013.jpg,go,391,98,406,141
trainBag_01014.jpg,go,391,98,406,141
trainBag_01015.jpg,go,391,98,406,141
trainBag_01016.jpg,go,391,98,406,141
trainBag_01017.jpg,go,391,98,406,141
trainBag_01018.jpg,go,391,100,406,143
trainBag_01019.jpg,go,391,100,406,143
trainBag_01020.jpg,go,391,100,406,143
trainBag_01021.jpg,go,391,102,406,145
trainBag_01022.jpg,go,391,102,406,145
trainBag_01023.jpg,go,391,102,406,145
trainBag_01024.jpg,go,391,102,406,145
trainBag_01025.jpg,go,391,102,406,145
trainBag_01026.jpg,go,391,102,406,145
trainBag_01027.jpg,go,391,102,406,145
trainBag_01028.jpg,go,391,102,406,145
trainBag_01029.jpg,go,391,102,406,145
trainBag_01030.jpg,go,391,102,406,145
trainBag_01031.jpg,go,391,102,406,145
trainBag_01032.jpg,go,391,102,406,145
trainBag_01033.jpg,go,391,102,406,145
trainBag_01034.jpg,go,391,102,406,145
trainBag_01035.jpg,go,391,103,406,146
trainBag_01036.jpg,go,391,103,406,146
trainBag_01037.jpg,go,391,103,406,146
trainBag_01038.jpg,go,391,103,406,146
trainBag_01039.jpg,go,391,103,406,146
trainBag_01040.jpg,go,391,103,406,146
trainBag_01041.jpg,go,391,103,406,146
trainBag_01042.jpg,go,391,103,406,146
trainBag_01043.jpg,go,391,103,406,146
trainBag_01044.jpg,go,391,103,406,146
trainBag_01045.jpg,go,391,103,406,146
trainBag_01046.jpg,go,391,103,406,146
trainBag_01047.jpg,go,391,103,406,146
trainBag_01048.jpg,go,391,103,406,146
trainBag_01049.jpg,go,391,103,406,146
trainBag_01050.jpg,go,391,103,406,146
trainBag_01051.jpg,go,391,103,406,146
trainBag_01052.jpg,go,391,103,406,146
trainBag_01053.jpg,go,391,103,406,146
trainBag_01054.jpg,go,391,103,406,146
trainBag_01055.jpg,go,391,103,406,146
trainBag_01056.jpg,go,391,103,406,146
trainBag_01057.jpg,go,391,103,406,146
trainBag_01058.jpg,go,391,103,406,146
trainBag_01059.jpg,go,391,103,406,146
trainBag_01060.jpg,go,391,103,406,146
trainBag_01061.jpg,go,391,103,406,146
trainBag_01062.jpg,go,391,103,406,146
trainBag_01063.jpg,go,391,103,406,146
trainBag_01064.jpg,go,391,103,406,146
trainBag_01065.jpg,go,391,103,406,146
trainBag_01066.jpg,go,391,103,406,146
trainBag_01067.jpg,go,391,103,406,146
trainBag_01068.jpg,go,391,103,406,146
trainBag_01069.jpg,go,391,103,406,146
trainBag_01070.jpg,go,391,103,406,146
trainBag_01071.jpg,go,391,103,406,146
trainBag_01072.jpg,go,391,103,406,146
trainBag_01073.jpg,go,391,103,406,146
trainBag_01074.jpg,go,391,103,406,146
trainBag_01075.jpg,go,391,103,406,146
trainBag_01076.jpg,go,391,103,406,146
trainBag_01077.jpg,warning,391,103,406,146
trainBag_01078.jpg,warning,391,101,406,144
trainBag_01079.jpg,warning,391,101,406,144
trainBag_01080.jpg,warning,391,101,406,144
trainBag_01081.jpg,warning,391,101,406,144
trainBag_01082.jpg,warning,391,101,406,144
trainBag_01083.jpg,warning,391,101,406,144
trainBag_01084.jpg,warning,391,101,406,144
trainBag_01085.jpg,warning,391,101,406,144
trainBag_01086.jpg,warning,391,101,406,142
trainBag_01087.jpg,warning,391,101,406,142
trainBag_01088.jpg,warning,391,101,406,142
trainBag_01089.jpg,warning,391,101,406,142
trainBag_01090.jpg,warning,391,101,406,142
trainBag_01091.jpg,warning,391,101,406,142
trainBag_01092.jpg,warning,391,101,406,142
trainBag_01093.jpg,warning,391,101,407,144
trainBag_01094.jpg,warning,391,101,407,144
trainBag_01095.jpg,warning,391,101,407,144
trainBag_01096.jpg,warning,391,101,407,145
trainBag_01097.jpg,warning,391,101,407,145
trainBag_01098.jpg,warning,391,101,407,145
trainBag_01099.jpg,warning,391,101,407,145
trainBag_01100.jpg,warning,391,101,407,145
trainBag_01101.jpg,warning,393,101,409,145
trainBag_01102.jpg,warning,393,101,409,145
trainBag_01103.jpg,warning,393,101,409,145
trainBag_01104.jpg,warning,393,101,409,145
trainBag_01105.jpg,warning,393,101,409,145
trainBag_01106.jpg,warning,391,101,407,145
trainBag_01107.jpg,warning,391,101,407,145
trainBag_01108.jpg,warning,391,101,407,145
trainBag_01109.jpg,warning,391,101,407,145
trainBag_01110.jpg,warning,391,101,407,148
trainBag_01111.jpg,warning,389,101,405,148
trainBag_01112.jpg,warning,390,102,406,149
trainBag_01113.jpg,warning,390,102,406,149
trainBag_01114.jpg,warning,390,102,406,149
trainBag_01115.jpg,warning,390,102,406,149
trainBag_01116.jpg,warning,390,102,406,149
trainBag_01117.jpg,warning,389,98,406,147
trainBag_01118.jpg,warning,389,98,406,147
trainBag_01119.jpg,warning,387,96,404,145
trainBag_01120.jpg,warning,387,96,404,145
trainBag_01121.jpg,warning,386,95,403,144
trainBag_01122.jpg,warning,386,95,403,144
trainBag_01123.jpg,warning,386,95,403,144
trainBag_01124.jpg,warning,386,95,403,144
trainBag_01125.jpg,warning,383,94,400,143
trainBag_01126.jpg,warning,383,94,400,143
trainBag_01127.jpg,warning,383,94,400,143
trainBag_01128.jpg,warning,383,94,400,143
trainBag_01129.jpg,warning,383,94,400,143
trainBag_01130.jpg,warning,380,92,399,144
trainBag_01131.jpg,warning,380,92,399,144
trainBag_01132.jpg,warning,380,92,399,144
trainBag_01133.jpg,warning,380,92,399,144
trainBag_01134.jpg,warning,378,90,397,143
trainBag_01135.jpg,warning,378,90,397,143
trainBag_01136.jpg,warning,378,90,397,143
trainBag_01137.jpg,warning,378,90,397,143
trainBag_01138.jpg,warning,376,90,395,144
trainBag_01139.jpg,stop,376,90,396,146
trainBag_01140.jpg,stop,376,90,396,146
trainBag_01141.jpg,stop,376,90,396,146
trainBag_01142.jpg,stop,376,90,396,146
trainBag_01143.jpg,stop,374,91,394,147
trainBag_01144.jpg,stop,374,91,394,147
trainBag_01145.jpg,stop,374,91,394,147
trainBag_01146.jpg,stop,374,91,394,147
trainBag_01147.jpg,stop,374,91,394,147
trainBag_01148.jpg,stop,374,91,394,147
trainBag_01149.jpg,stop,374,91,394,147
trainBag_01150.jpg,stop,374,91,394,147
trainBag_01151.jpg,stop,374,91,394,147
trainBag_01152.jpg,stop,371,90,392,151
trainBag_01153.jpg,stop,371,90,392,151
trainBag_01154.jpg,stop,371,90,392,151
trainBag_01155.jpg,stop,369,89,390,150
trainBag_01156.jpg,stop,369,89,390,150
trainBag_01157.jpg,stop,369,89,390,150
trainBag_01158.jpg,stop,369,89,390,150
trainBag_01159.jpg,stop,369,89,390,150
trainBag_01160.jpg,stop,369,89,390,150
trainBag_01161.jpg,stop,369,89,390,150
trainBag_01162.jpg,stop,366,88,389,152
trainBag_01163.jpg,stop,366,88,389,152
trainBag_01164.jpg,stop,366,88,389,152
trainBag_01165.jpg,stop,364,86,387,152
trainBag_01166.jpg,stop,364,86,387,152
trainBag_01167.jpg,stop,364,86,387,152
trainBag_01168.jpg,stop,364,86,387,152
trainBag_01169.jpg,stop,364,86,387,152
trainBag_01170.jpg,stop,359,83,382,152
trainBag_01171.jpg,stop,359,83,382,152
trainBag_01172.jpg,stop,361,83,384,152
trainBag_01173.jpg,stop,361,83,384,152
trainBag_01174.jpg,stop,359,83,385,154
trainBag_01175.jpg,stop,358,83,384,154
trainBag_01176.jpg,stop,358,83,384,154
trainBag_01177.jpg,stop,358,83,384,154
trainBag_01178.jpg,stop,358,83,384,154
trainBag_01179.jpg,stop,356,83,382,155
trainBag_01180.jpg,stop,356,83,382,155
trainBag_01181.jpg,stop,355,81,381,156
trainBag_01182.jpg,stop,355,81,381,156
trainBag_01183.jpg,stop,355,81,381,156
trainBag_01184.jpg,stop,355,81,381,156
trainBag_01185.jpg,stop,355,81,381,156
trainBag_01186.jpg,stop,355,81,381,156
trainBag_01187.jpg,stop,351,81,379,160
trainBag_01188.jpg,stop,351,81,379,160
trainBag_01189.jpg,stop,351,81,379,160
trainBag_01190.jpg,stop,351,81,379,160
trainBag_01191.jpg,stop,349,76,378,157
trainBag_01192.jpg,stop,349,76,378,157
trainBag_01193.jpg,stop,349,76,378,157
trainBag_01194.jpg,stop,349,76,378,157
trainBag_01195.jpg,stop,348,77,377,162
trainBag_01196.jpg,stop,348,77,377,162
trainBag_01197.jpg,stop,348,77,377,162
trainBag_01198.jpg,stop,348,77,377,162
trainBag_01199.jpg,stop,348,77,377,162
trainBag_01200.jpg,stop,344,77,377,167
trainBag_01201.jpg,stop,344,77,377,167
trainBag_01202.jpg,stop,344,77,377,167
trainBag_01203.jpg,stop,344,77,377,167
trainBag_01204.jpg,stop,344,77,377,167
trainBag_01205.jpg,stop,344,77,377,167
trainBag_01206.jpg,stop,341,70,377,167
trainBag_01207.jpg,stop,341,70,377,167
trainBag_01208.jpg,stop,340,70,376,167
trainBag_01209.jpg,stop,340,70,376,167
trainBag_01210.jpg,stop,340,70,376,167
trainBag_01211.jpg,stop,340,70,376,167
trainBag_01212.jpg,stop,340,70,376,167
trainBag_01213.jpg,stop,340,65,376,167
trainBag_01214.jpg,stop,340,65,376,167
trainBag_01215.jpg,stop,337,61,376,167
trainBag_01216.jpg,stop,337,61,376,167
trainBag_01217.jpg,stop,338,57,377,163
trainBag_01218.jpg,stop,338,57,377,163
trainBag_01219.jpg,stop,337,50,377,163
trainBag_01220.jpg,stop,337,47,377,160
trainBag_01221.jpg,stop,337,47,377,160
trainBag_01222.jpg,stop,338,42,378,159
trainBag_01223.jpg,stop,338,42,378,159
trainBag_01224.jpg,stop,338,42,378,159
trainBag_01225.jpg,stop,336,44,376,161
trainBag_01226.jpg,stop,336,45,376,164
trainBag_01227.jpg,stop,332,49,374,169
trainBag_01228.jpg,stop,332,49,376,172
trainBag_01229.jpg,stop,329,52,373,175
trainBag_01230.jpg,stop,329,52,373,175
trainBag_01231.jpg,stop,329,52,373,175
trainBag_01232.jpg,stop,325,50,370,177
trainBag_01233.jpg,stop,325,50,370,177
trainBag_01234.jpg,stop,325,50,370,177
trainBag_01235.jpg,stop,322,45,367,172
trainBag_01236.jpg,stop,322,45,367,172
trainBag_01237.jpg,stop,322,45,367,172
trainBag_01238.jpg,stop,322,45,368,177
trainBag_01239.jpg,stop,322,45,368,177
trainBag_01240.jpg,stop,322,45,368,177
trainBag_01241.jpg,stop,322,45,368,177
trainBag_01242.jpg,stop,322,45,368,177
trainBag_01243.jpg,stop,322,45,368,177
trainBag_01244.jpg,stop,322,45,368,177
trainBag_01245.jpg,stop,322,45,368,177
trainBag_01246.jpg,stop,322,45,368,177
trainBag_01247.jpg,stop,322,45,368,177
trainBag_01248.jpg,stop,322,45,368,177
trainBag_01249.jpg,stop,322,45,368,177
trainBag_01250.jpg,stop,319,43,366,180
trainBag_01251.jpg,stop,319,43,366,180
trainBag_01252.jpg,stop,319,43,366,180
trainBag_01253.jpg,stop,319,43,366,180
trainBag_01254.jpg,stop,319,43,366,180
trainBag_01255.jpg,stop,319,43,366,180
trainBag_01256.jpg,stop,319,43,366,180
trainBag_01257.jpg,stop,319,43,366,180
trainBag_01258.jpg,stop,319,43,366,180
trainBag_01259.jpg,stop,319,43,366,180
trainBag_01260.jpg,stop,318,44,366,180
trainBag_01261.jpg,stop,318,44,366,180
trainBag_01262.jpg,stop,318,44,366,180
trainBag_01263.jpg,stop,318,44,366,180
trainBag_01264.jpg,go,317,46,365,182
trainBag_01265.jpg,go,317,46,365,182
trainBag_01266.jpg,go,317,46,365,182
trainBag_01267.jpg,go,317,46,365,182
trainBag_01268.jpg,go,317,46,365,182
trainBag_01269.jpg,go,317,46,365,182
trainBag_01270.jpg,go,317,46,365,182
trainBag_01271.jpg,go,317,46,365,182
trainBag_01272.jpg,go,317,46,365,182
trainBag_01273.jpg,go,317,46,365,182
trainBag_01274.jpg,go,317,46,365,182
trainBag_01275.jpg,go,317,46,365,182
trainBag_01276.jpg,go,318,42,366,178
trainBag_01277.jpg,go,318,42,366,178
trainBag_01278.jpg,go,318,42,366,178
trainBag_01279.jpg,go,318,42,366,178
trainBag_01280.jpg,go,318,42,366,178
trainBag_01281.jpg,go,318,42,366,178
trainBag_01282.jpg,go,318,42,366,178
trainBag_01283.jpg,go,318,42,366,178
trainBag_01284.jpg,go,318,40,366,176
trainBag_01285.jpg,go,318,40,366,176
trainBag_01286.jpg,go,318,40,366,176
trainBag_01287.jpg,go,320,41,366,176
trainBag_01288.jpg,go,320,41,366,176
trainBag_01289.jpg,go,320,41,366,176
trainBag_01290.jpg,go,320,41,366,176
trainBag_01291.jpg,go,322,43,367,173
trainBag_01292.jpg,go,324,45,367,173
trainBag_01293.jpg,go,325,47,367,173
trainBag_01294.jpg,go,326,49,368,175
trainBag_01295.jpg,go,328,49,370,175
trainBag_01296.jpg,go,329,50,371,176
trainBag_01297.jpg,go,332,49,374,175
trainBag_01298.jpg,go,333,48,374,171
trainBag_01299.jpg,go,333,46,374,166
trainBag_01300.jpg,go,336,46,375,164
trainBag_01301.jpg,go,337,43,376,161
trainBag_01302.jpg,go,340,44,379,159
trainBag_01303.jpg,go,340,44,379,157
trainBag_01304.jpg,go,342,45,381,157
trainBag_01305.jpg,go,342,45,381,157
trainBag_01306.jpg,go,344,50,380,160
trainBag_01307.jpg,go,344,53,380,162
trainBag_01308.jpg,go,345,56,380,164
trainBag_01309.jpg,go,345,60,382,165
trainBag_01310.jpg,go,345,60,382,165
trainBag_01311.jpg,go,347,63,384,168
trainBag_01312.jpg,go,348,65,383,167
trainBag_01313.jpg,go,348,65,383,167
trainBag_01314.jpg,go,348,67,384,167
trainBag_01315.jpg,go,350,68,384,167
trainBag_01316.jpg,go,350,68,384,167
trainBag_01317.jpg,go,353,69,386,166
trainBag_01318.jpg,go,353,69,386,166
trainBag_01319.jpg,go,355,72,389,166
trainBag_01320.jpg,go,355,72,389,166
trainBag_01321.jpg,go,357,72,389,164
trainBag_01322.jpg,go,360,73,392,165
trainBag_01323.jpg,go,360,73,392,165
trainBag_01324.jpg,go,364,77,394,166
trainBag_01325.jpg,go,364,77,394,166
trainBag_01326.jpg,go,366,77,396,166
trainBag_01327.jpg,go,366,77,397,164
trainBag_01328.jpg,go,367,76,398,163
trainBag_01329.jpg,go,368,75,399,162
trainBag_01330.jpg,go,369,74,400,161
trainBag_01331.jpg,go,373,76,403,160
trainBag_01332.jpg,go,373,76,403,160
trainBag_01333.jpg,go,375,76,403,158
trainBag_01334.jpg,go,375,76,403,158
trainBag_01335.jpg,go,377,75,404,157
trainBag_01336.jpg,go,378,76,407,157
trainBag_01337.jpg,go,380,79,407,157
trainBag_01338.jpg,go,382,79,409,157
trainBag_01339.jpg,go,384,79,411,157
trainBag_01340.jpg,go,385,79,412,157
trainBag_01341.jpg,go,387,79,413,154
trainBag_01342.jpg,go,387,79,413,154
trainBag_01343.jpg,go,388,81,414,156
trainBag_01344.jpg,go,390,84,417,156
trainBag_01345.jpg,go,390,84,417,156
trainBag_01346.jpg,go,390,84,417,156
trainBag_01347.jpg,go,391,82,418,154
trainBag_01348.jpg,go,391,82,418,154
trainBag_01349.jpg,go,394,83,418,154
trainBag_01350.jpg,go,395,84,418,154
trainBag_01351.jpg,go,396,85,420,154
trainBag_01352.jpg,go,396,85,420,154
trainBag_01353.jpg,go,396,85,420,154
trainBag_01354.jpg,go,396,85,420,154
trainBag_01355.jpg,go,396,85,420,154
trainBag_01356.jpg,go,396,85,420,154
trainBag_01357.jpg,go,397,88,420,154
trainBag_01358.jpg,go,397,88,420,154
trainBag_01359.jpg,go,400,89,422,154
trainBag_01360.jpg,go,400,89,422,154
trainBag_01361.jpg,go,400,89,422,154
trainBag_01362.jpg,go,406,89,428,152
trainBag_01363.jpg,go,406,89,428,152
trainBag_01364.jpg,go,412,88,434,151
trainBag_01365.jpg,go,415,89,437,152
trainBag_01366.jpg,go,419,89,441,152
trainBag_01367.jpg,go,423,89,445,152
trainBag_01368.jpg,go,425,89,447,152
trainBag_01369.jpg,go,429,92,451,151
trainBag_01370.jpg,go,431,91,453,150
trainBag_01371.jpg,go,434,89,456,148
trainBag_01372.jpg,go,440,89,460,147
trainBag_01373.jpg,go,442,89,462,147
trainBag_01374.jpg,go,447,89,467,147
trainBag_01375.jpg,go,449,89,469,147
trainBag_01376.jpg,go,454,90,473,146
trainBag_01377.jpg,go,461,92,479,147
trainBag_01378.jpg,go,462,90,482,147
trainBag_01379.jpg,go,468,90,488,147
trainBag_01380.jpg,go,470,89,490,146
trainBag_01381.jpg,go,476,89,496,146
trainBag_01382.jpg,go,481,89,501,146
trainBag_01383.jpg,go,484,89,503,144
trainBag_01384.jpg,go,488,89,507,144
trainBag_01385.jpg,go,491,89,510,144
trainBag_01386.jpg,go,495,89,514,143
trainBag_01387.jpg,go,499,88,518,142
trainBag_01388.jpg,warning,501,89,520,143
trainBag_01389.jpg,warning,504,91,523,144
trainBag_01390.jpg,warning,504,91,523,144
trainBag_01391.jpg,warning,507,93,527,145
trainBag_01392.jpg,warning,507,93,527,145
trainBag_01393.jpg,warning,509,93,529,145
trainBag_01394.jpg,warning,509,93,529,145
trainBag_01395.jpg,warning,509,93,529,145
trainBag_01396.jpg,warning,509,93,529,145
trainBag_01397.jpg,warning,509,93,529,145
trainBag_01398.jpg,warning,510,95,527,145
trainBag_01399.jpg,warning,510,95,527,145
trainBag_01400.jpg,warning,510,95,527,145
trainBag_01401.jpg,warning,507,95,524,145
trainBag_01402.jpg,warning,507,95,524,145
trainBag_01403.jpg,warning,507,95,524,145
trainBag_01404.jpg,warning,507,95,524,145
trainBag_01405.jpg,warning,504,97,521,147
trainBag_01406.jpg,warning,503,100,521,147
trainBag_01407.jpg,warning,502,101,520,148
trainBag_01408.jpg,warning,502,101,518,150
trainBag_01409.jpg,warning,502,101,518,150
trainBag_01410.jpg,warning,500,102,516,151
trainBag_01411.jpg,warning,501,103,518,150
trainBag_01412.jpg,warning,500,103,517,150
trainBag_01413.jpg,warning,500,103,517,150
trainBag_01414.jpg,warning,500,103,517,150
trainBag_01415.jpg,warning,500,103,517,150
trainBag_01416.jpg,warning,500,103,517,150
trainBag_01417.jpg,warning,500,99,517,146
trainBag_01418.jpg,warning,500,99,517,146
trainBag_01419.jpg,warning,500,99,517,146
trainBag_01420.jpg,warning,500,99,517,146
trainBag_01421.jpg,warning,500,99,517,146
trainBag_01422.jpg,warning,500,99,517,146
trainBag_01423.jpg,warning,500,99,517,146
trainBag_01424.jpg,warning,500,99,517,146
trainBag_01425.jpg,warning,501,101,518,148
trainBag_01426.jpg,warning,501,101,518,148
trainBag_01427.jpg,warning,503,101,520,148
trainBag_01428.jpg,warning,504,102,521,149
trainBag_01429.jpg,warning,506,102,523,149
trainBag_01430.jpg,warning,508,102,525,149
trainBag_01431.jpg,warning,510,102,527,149
trainBag_01432.jpg,warning,512,102,529,149
trainBag_01433.jpg,warning,514,103,531,150
trainBag_01434.jpg,warning,518,103,535,150
trainBag_01435.jpg,warning,521,103,538,150
trainBag_01436.jpg,warning,525,103,542,150
trainBag_01437.jpg,warning,529,101,546,150
trainBag_01438.jpg,warning,532,101,549,150
trainBag_01439.jpg,warning,538,100,555,150
trainBag_01440.jpg,warning,541,100,558,150
trainBag_01441.jpg,warning,546,99,563,149
trainBag_01442.jpg,warning,553,100,570,150
trainBag_01443.jpg,warning,557,98,574,148
trainBag_01444.jpg,warning,563,99,580,149
trainBag_01445.jpg,warning,565,98,583,149
trainBag_01446.jpg,warning,572,98,590,149
trainBag_01447.jpg,warning,577,98,595,149
trainBag_01448.jpg,warning,581,97,599,148
trainBag_01449.jpg,warning,588,97,606,148
trainBag_01450.jpg,stop,590,96,610,148
trainBag_01451.jpg,stop,597,95,617,147
trainBag_01452.jpg,stop,602,94,622,148
trainBag_01453.jpg,stop,606,94,626,148
trainBag_01454.jpg,stop,608,94,628,148
trainBag_01455.jpg,stop,611,94,631,148
trainBag_01456.jpg,stop,611,94,631,148
trainBag_01457.jpg,stop,611,94,632,150
trainBag_01458.jpg,stop,611,94,629,150
trainBag_01459.jpg,stop,609,92,630,150
trainBag_01460.jpg,stop,608,92,629,150
trainBag_01461.jpg,stop,607,91,627,149
trainBag_01462.jpg,stop,606,91,626,150
trainBag_01463.jpg,stop,604,91,626,150
trainBag_01464.jpg,stop,603,91,625,150
trainBag_01465.jpg,stop,601,90,622,150
trainBag_01466.jpg,stop,598,90,620,150
trainBag_01467.jpg,stop,594,89,616,149
trainBag_01468.jpg,stop,592,90,614,150
trainBag_01469.jpg,stop,586,90,608,152
trainBag_01470.jpg,stop,583,90,605,152
trainBag_01471.jpg,stop,575,89,598,153
trainBag_01472.jpg,stop,566,89,589,154
trainBag_01473.jpg,stop,562,90,585,155
trainBag_01474.jpg,stop,552,88,575,154
trainBag_01475.jpg,stop,547,87,570,153
trainBag_01476.jpg,stop,537,87,560,153
trainBag_01477.jpg,stop,525,85,549,153
trainBag_01478.jpg,stop,520,86,544,154
trainBag_01479.jpg,stop,505,84,531,153
trainBag_01480.jpg,stop,500,84,526,153
trainBag_01481.jpg,stop,487,84,513,153
trainBag_01482.jpg,stop,476,85,501,155
trainBag_01483.jpg,stop,469,84,494,156
trainBag_01484.jpg,stop,457,83,483,157
trainBag_01485.jpg,stop,450,83,476,157
trainBag_01486.jpg,stop,435,81,463,156
trainBag_01487.jpg,stop,421,81,449,156
trainBag_01488.jpg,stop,414,80,442,155
trainBag_01489.jpg,stop,401,80,429,157
trainBag_01490.jpg,stop,394,80,421,158
trainBag_01491.jpg,stop,384,82,411,160
trainBag_01492.jpg,stop,369,81,396,159
trainBag_01493.jpg,stop,364,80,393,160
trainBag_01494.jpg,stop,350,78,379,158
trainBag_01495.jpg,stop,345,76,375,158
trainBag_01496.jpg,stop,334,76,363,158
trainBag_01497.jpg,stop,325,76,355,160
trainBag_01498.jpg,stop,320,75,350,159
trainBag_01499.jpg,stop,308,74,339,161
trainBag_01500.jpg,stop,304,76,335,163
trainBag_01501.jpg,stop,292,75,323,162
trainBag_01502.jpg,stop,281,73,313,164
trainBag_01503.jpg,stop,274,74,306,165
trainBag_01504.jpg,stop,262,72,294,163
trainBag_01505.jpg,stop,257,71,290,165
trainBag_01506.jpg,stop,245,69,278,163
trainBag_01507.jpg,stop,233,68,267,165
trainBag_01508.jpg,stop,227,68,261,165
trainBag_01509.jpg,stop,215,68,249,165
trainBag_01510.jpg,stop,210,66,245,166
trainBag_01511.jpg,stop,199,65,234,165
trainBag_01512.jpg,stop,189,63,226,166
trainBag_01513.jpg,stop,183,62,220,165
trainBag_01514.jpg,stop,173,58,210,164
trainBag_01515.jpg,stop,169,58,206,164
trainBag_01516.jpg,stop,161,54,199,163
trainBag_01517.jpg,stop,153,49,193,161
trainBag_01518.jpg,stop,151,47,191,159
trainBag_01519.jpg,stop,144,42,186,157
trainBag_01520.jpg,stop,142,39,184,154
trainBag_01521.jpg,stop,137,39,179,154
trainBag_01522.jpg,stop,132,40,175,159
trainBag_01523.jpg,stop,129,41,172,160
trainBag_01524.jpg,stop,126,43,168,164
trainBag_01525.jpg,stop,124,45,166,166
trainBag_01526.jpg,stop,123,47,165,168
trainBag_01527.jpg,stop,123,50,165,171
trainBag_01528.jpg,stop,123,50,165,171
trainBag_01529.jpg,stop,118,47,166,174
trainBag_01530.jpg,stop,118,47,166,174
trainBag_01531.jpg,stop,115,48,163,175
trainBag_01532.jpg,stop,113,47,161,174
trainBag_01533.jpg,stop,113,47,161,178
trainBag_01534.jpg,stop,113,47,161,178
trainBag_01535.jpg,stop,112,47,160,178
trainBag_01536.jpg,stop,112,47,160,180
trainBag_01537.jpg,stop,109,46,157,179
trainBag_01538.jpg,stop,109,46,157,179
trainBag_01539.jpg,stop,105,43,156,182
trainBag_01540.jpg,stop,103,43,154,182
trainBag_01541.jpg,stop,103,43,154,182
trainBag_01542.jpg,stop,96,44,147,183
trainBag_01543.jpg,stop,96,42,147,181
trainBag_01544.jpg,stop,93,39,143,182
trainBag_01545.jpg,stop,90,39,140,182
trainBag_01546.jpg,stop,85,37,135,180
trainBag_01547.jpg,stop,80,36,133,185
trainBag_01548.jpg,stop,77,36,130,185
trainBag_01549.jpg,stop,71,36,124,185
trainBag_01550.jpg,stop,68,35,121,184
trainBag_01551.jpg,stop,62,36,115,185
trainBag_01552.jpg,stop,53,36,106,185
trainBag_01553.jpg,stop,50,36,105,189
trainBag_01554.jpg,stop,40,35,95,188
trainBag_01555.jpg,stop,37,35,92,188
trainBag_01556.jpg,stop,29,35,84,192
trainBag_01557.jpg,stop,21,36,76,193
trainBag_01558.jpg,stop,16,36,74,194
trainBag_01559.jpg,stop,7,34,67,195
trainBag_01560.jpg,stop,3,34,63,195
trainBag_01561.jpg,stop,0,34,54,197
trainBag_01562.jpg,stop,0,34,48,199
trainBag_01563.jpg,stop,0,34,44,200
trainBag_01564.jpg,stop,0,32,38,201
trainBag_01565.jpg,stop,0,32,36,199
trainBag_01566.jpg,stop,0,29,30,200
trainBag_01567.jpg,stop,0,29,23,199
trainBag_01597.jpg,go,0,29,48,196
trainBag_01598.jpg,go,0,29,53,197
trainBag_01599.jpg,go,5,28,63,195
trainBag_01600.jpg,go,10,28,67,191
trainBag_01601.jpg,go,21,30,78,193
trainBag_01602.jpg,go,30,30,87,193
trainBag_01603.jpg,go,34,30,93,188
trainBag_01604.jpg,go,45,31,103,184
trainBag_01605.jpg,go,52,32,107,184
trainBag_01606.jpg,go,62,31,117,183
trainBag_01607.jpg,go,74,34,128,181
trainBag_01608.jpg,go,80,35,133,180
trainBag_01609.jpg,go,89,36,142,181
trainBag_01610.jpg,go,95,38,147,180
trainBag_01611.jpg,go,106,39,157,179
trainBag_01612.jpg,go,117,43,168,183
trainBag_01613.jpg,go,122,43,173,183
trainBag_01614.jpg,go,131,42,182,182
trainBag_01615.jpg,go,137,44,188,184
trainBag_01616.jpg,go,148,48,195,180
trainBag_01617.jpg,go,158,49,205,181
trainBag_01618.jpg,go,163,51,209,179
trainBag_01619.jpg,go,172,51,218,179
trainBag_01620.jpg,go,177,50,223,178
trainBag_01621.jpg,go,186,52,232,180
trainBag_01622.jpg,go,193,52,241,175
trainBag_01623.jpg,go,199,51,247,174
trainBag_01624.jpg,go,208,47,256,170
trainBag_01625.jpg,go,214,46,257,165
trainBag_01626.jpg,go,225,45,268,164
trainBag_01627.jpg,go,235,44,278,160
trainBag_01628.jpg,go,241,45,282,158
trainBag_01629.jpg,go,251,45,292,158
trainBag_01630.jpg,go,256,47,295,158
trainBag_01631.jpg,go,265,52,302,160
trainBag_01632.jpg,go,274,55,311,163
trainBag_01633.jpg,go,279,57,316,165
trainBag_01634.jpg,go,286,59,323,167
trainBag_01635.jpg,go,291,62,329,167
trainBag_01636.jpg,go,298,63,336,166
trainBag_01637.jpg,go,309,66,346,168
trainBag_01638.jpg,go,314,66,349,167
trainBag_01639.jpg,go,324,66,359,167
trainBag_01640.jpg,go,328,67,363,168
trainBag_01641.jpg,go,336,67,371,168
trainBag_01642.jpg,go,346,69,379,166
trainBag_01643.jpg,go,349,71,383,166
trainBag_01644.jpg,go,359,72,393,167
trainBag_01645.jpg,go,364,72,398,167
trainBag_01646.jpg,go,373,71,407,166
trainBag_01647.jpg,go,382,74,413,164
trainBag_01648.jpg,go,386,74,417,164
trainBag_01649.jpg,go,394,76,425,166
trainBag_01650.jpg,go,397,76,428,166
trainBag_01651.jpg,go,403,76,434,166
trainBag_01652.jpg,go,409,77,440,167
trainBag_01653.jpg,go,413,77,443,162
trainBag_01654.jpg,go,416,76,446,161
trainBag_01655.jpg,go,419,76,449,161
trainBag_01656.jpg,go,421,76,451,161
trainBag_01657.jpg,go,421,76,451,161
trainBag_01658.jpg,go,421,76,451,161
trainBag_01659.jpg,go,418,75,448,160
trainBag_01660.jpg,go,417,78,445,158
trainBag_01661.jpg,go,413,78,441,158
trainBag_01662.jpg,go,409,79,437,159
trainBag_01663.jpg,go,407,81,435,158
trainBag_01664.jpg,go,403,82,431,159
trainBag_01665.jpg,go,403,82,428,158
trainBag_01666.jpg,go,399,80,424,156
trainBag_01667.jpg,go,392,82,418,156
trainBag_01668.jpg,go,390,82,416,156
trainBag_01669.jpg,go,385,82,411,156
trainBag_01670.jpg,go,382,82,408,156
trainBag_01671.jpg,go,377,83,403,157
trainBag_01672.jpg,go,373,83,399,157
trainBag_01673.jpg,go,370,82,396,156
trainBag_01674.jpg,go,366,83,390,154
trainBag_01675.jpg,go,364,83,388,154
trainBag_01676.jpg,go,359,84,383,155
trainBag_01677.jpg,go,355,84,379,155
trainBag_01678.jpg,go,352,85,376,156
trainBag_01679.jpg,go,349,85,373,156
trainBag_01680.jpg,go,349,88,372,154
trainBag_01681.jpg,go,346,88,369,154
trainBag_01682.jpg,go,344,87,367,153
trainBag_01683.jpg,go,344,87,367,153
trainBag_01684.jpg,go,341,87,364,153
trainBag_01685.jpg,go,341,87,364,153
trainBag_01686.jpg,go,339,88,362,154
trainBag_01687.jpg,go,339,88,362,154
trainBag_01688.jpg,go,339,88,362,154
trainBag_01689.jpg,go,339,88,362,154
trainBag_01690.jpg,go,342,89,365,155
trainBag_01691.jpg,go,346,89,367,152
trainBag_01692.jpg,go,351,89,372,152
trainBag_01693.jpg,go,354,89,375,152
trainBag_01694.jpg,go,360,89,381,152
trainBag_01695.jpg,go,363,89,384,152
trainBag_01696.jpg,go,372,92,393,150
trainBag_01697.jpg,go,382,91,403,149
trainBag_01698.jpg,go,386,91,407,149
trainBag_01699.jpg,warning,396,91,417,149
trainBag_01700.jpg,warning,400,90,421,148
trainBag_01701.jpg,warning,410,90,431,148
trainBag_01702.jpg,warning,419,91,440,149
trainBag_01703.jpg,warning,425,91,446,149
trainBag_01704.jpg,warning,433,90,454,148
trainBag_01705.jpg,warning,437,91,458,149
trainBag_01706.jpg,warning,444,91,465,149
trainBag_01707.jpg,warning,450,93,471,148
trainBag_01708.jpg,warning,452,93,473,148
trainBag_01709.jpg,warning,457,93,478,148
trainBag_01710.jpg,warning,457,93,478,148
trainBag_01711.jpg,warning,460,93,481,148
trainBag_01712.jpg,warning,462,93,483,148
trainBag_01713.jpg,warning,462,93,483,148
trainBag_01714.jpg,warning,462,93,483,148
trainBag_01715.jpg,warning,462,93,483,148
trainBag_01716.jpg,warning,462,93,483,148
trainBag_01717.jpg,warning,460,93,481,148
trainBag_01718.jpg,warning,460,93,481,148
trainBag_01719.jpg,warning,460,96,478,147
trainBag_01720.jpg,warning,460,96,478,147
trainBag_01721.jpg,warning,458,96,476,147
trainBag_01722.jpg,warning,458,96,476,147
trainBag_01723.jpg,warning,458,96,476,147
trainBag_01724.jpg,warning,456,96,474,147
trainBag_01725.jpg,warning,456,96,474,147
trainBag_01726.jpg,warning,455,96,473,147
trainBag_01727.jpg,warning,455,96,473,147
trainBag_01728.jpg,warning,455,96,473,147
trainBag_01729.jpg,warning,455,96,473,147
trainBag_01730.jpg,warning,454,97,472,148
trainBag_01731.jpg,warning,454,97,472,148
trainBag_01732.jpg,warning,454,96,472,147
trainBag_01733.jpg,warning,454,96,472,147
trainBag_01734.jpg,warning,454,94,472,145
trainBag_01735.jpg,warning,454,94,472,145
trainBag_01736.jpg,warning,454,94,472,145
trainBag_01737.jpg,warning,454,94,472,145
trainBag_01738.jpg,warning,454,94,472,145
trainBag_01739.jpg,warning,454,94,472,145
trainBag_01740.jpg,warning,454,94,472,145
trainBag_01741.jpg,warning,454,94,472,145
trainBag_01742.jpg,warning,454,96,472,147
trainBag_01743.jpg,warning,454,96,472,147
trainBag_01744.jpg,warning,454,96,472,147
trainBag_01745.jpg,warning,455,98,473,149
trainBag_01746.jpg,warning,455,98,473,149
trainBag_01747.jpg,warning,455,98,473,149
trainBag_01748.jpg,warning,456,98,474,149
trainBag_01749.jpg,warning,456,98,474,149
trainBag_01750.jpg,warning,456,98,474,149
trainBag_01751.jpg,warning,458,98,476,149
trainBag_01752.jpg,warning,458,98,476,149
trainBag_01753.jpg,warning,458,99,476,150
trainBag_01754.jpg,warning,458,100,476,151
trainBag_01755.jpg,warning,458,100,476,151
trainBag_01756.jpg,warning,458,100,476,151
trainBag_01757.jpg,warning,458,100,476,151
trainBag_01758.jpg,warning,458,98,478,151
trainBag_01759.jpg,warning,458,98,478,151
trainBag_01760.jpg,warning,458,98,478,151
trainBag_01761.jpg,stop,458,98,478,151
trainBag_01762.jpg,stop,457,98,477,151
trainBag_01763.jpg,stop,457,98,477,151
trainBag_01764.jpg,stop,454,98,474,151
trainBag_01765.jpg,stop,453,98,473,151
trainBag_01766.jpg,stop,448,98,468,151
trainBag_01767.jpg,stop,446,97,466,154
trainBag_01768.jpg,stop,443,96,463,153
trainBag_01769.jpg,stop,440,96,460,153
trainBag_01770.jpg,stop,437,95,457,152
trainBag_01771.jpg,stop,432,95,452,152
trainBag_01772.jpg,stop,426,93,447,152
trainBag_01773.jpg,stop,423,93,444,152
trainBag_01774.jpg,stop,417,92,438,151
trainBag_01775.jpg,stop,414,93,435,152
trainBag_01776.jpg,stop,409,93,430,152
trainBag_01777.jpg,stop,403,93,424,152
trainBag_01778.jpg,stop,399,91,421,152
trainBag_01779.jpg,stop,393,90,416,152
trainBag_01780.jpg,stop,389,90,412,152
trainBag_01781.jpg,stop,385,92,407,153
trainBag_01782.jpg,stop,378,91,399,153
trainBag_01783.jpg,stop,375,92,396,154
trainBag_01784.jpg,stop,367,90,391,154
trainBag_01785.jpg,stop,365,90,389,154
trainBag_01786.jpg,stop,358,88,382,152
trainBag_01787.jpg,stop,352,87,376,151
trainBag_01788.jpg,stop,349,87,373,151
trainBag_01789.jpg,stop,343,85,368,153
trainBag_01790.jpg,stop,339,87,364,155
trainBag_01791.jpg,stop,333,85,358,153
trainBag_01792.jpg,stop,326,86,351,154
trainBag_01793.jpg,stop,322,86,347,154
trainBag_01794.jpg,stop,317,83,343,154
trainBag_01795.jpg,stop,316,83,342,154
trainBag_01796.jpg,stop,310,83,336,154
trainBag_01797.jpg,stop,308,83,334,154
trainBag_01798.jpg,stop,308,83,334,154
trainBag_01799.jpg,stop,308,83,335,157
trainBag_01800.jpg,stop,308,83,335,157
trainBag_01801.jpg,stop,311,83,338,157
trainBag_01802.jpg,stop,315,81,342,155
trainBag_01803.jpg,stop,315,81,342,155
trainBag_01804.jpg,stop,319,81,346,155
trainBag_01805.jpg,stop,319,81,346,155
trainBag_01806.jpg,stop,324,81,351,155
trainBag_01807.jpg,stop,324,80,353,158
trainBag_01808.jpg,stop,327,78,357,159
trainBag_01809.jpg,stop,330,75,360,156
trainBag_01810.jpg,stop,333,75,360,157
trainBag_01811.jpg,stop,336,74,363,156
trainBag_01812.jpg,stop,342,75,371,158
trainBag_01813.jpg,stop,346,75,375,158
trainBag_01814.jpg,stop,355,75,384,158
trainBag_01815.jpg,stop,358,75,387,158
trainBag_01816.jpg,stop,363,75,394,164
trainBag_01817.jpg,stop,372,76,403,165
trainBag_01818.jpg,stop,377,76,408,165
trainBag_01819.jpg,stop,383,76,414,165
trainBag_01820.jpg,stop,387,76,418,165
trainBag_01821.jpg,stop,392,74,425,166
trainBag_01822.jpg,stop,401,74,434,166
trainBag_01823.jpg,stop,405,72,440,166
trainBag_01824.jpg,stop,411,72,446,166
trainBag_01825.jpg,stop,416,70,451,167
trainBag_01826.jpg,stop,422,70,457,167
trainBag_01827.jpg,stop,431,68,466,165
trainBag_01828.jpg,stop,434,69,469,166
trainBag_01829.jpg,stop,442,66,477,167
trainBag_01830.jpg,stop,446,66,481,167
trainBag_01831.jpg,stop,453,64,488,167
trainBag_01832.jpg,stop,460,63,495,168
trainBag_01833.jpg,stop,463,62,498,167
trainBag_01834.jpg,stop,468,59,504,166
trainBag_01835.jpg,stop,472,58,508,165
trainBag_01836.jpg,stop,476,55,512,162
trainBag_01837.jpg,stop,480,51,519,165
trainBag_01838.jpg,stop,482,51,521,165
trainBag_01839.jpg,stop,489,49,528,163
trainBag_01840.jpg,stop,491,47,530,161
trainBag_01841.jpg,stop,494,46,538,164
trainBag_01842.jpg,stop,497,48,538,166
trainBag_01843.jpg,stop,497,48,540,166
trainBag_01844.jpg,stop,497,48,541,171
trainBag_01845.jpg,stop,497,48,541,171
trainBag_01846.jpg,stop,497,50,541,173
trainBag_01847.jpg,stop,494,48,537,175
trainBag_01848.jpg,stop,492,48,535,175
trainBag_01849.jpg,stop,484,45,529,175
trainBag_01850.jpg,stop,482,46,527,176
trainBag_01851.jpg,stop,475,46,520,176
trainBag_01852.jpg,stop,469,45,515,180
trainBag_01853.jpg,stop,463,43,511,181
trainBag_01854.jpg,stop,453,41,501,179
trainBag_01855.jpg,stop,448,41,495,182
trainBag_01856.jpg,stop,432,42,483,183
trainBag_01857.jpg,stop,417,42,468,183
trainBag_01858.jpg,stop,408,39,459,185
trainBag_01859.jpg,stop,390,40,441,186
trainBag_01860.jpg,stop,381,40,432,189
trainBag_01861.jpg,stop,361,39,411,190
trainBag_01862.jpg,stop,339,37,393,192
trainBag_01863.jpg,stop,329,38,383,193
trainBag_01864.jpg,stop,307,38,361,196
trainBag_01865.jpg,stop,296,37,351,199
trainBag_01866.jpg,stop,272,37,327,199
trainBag_01867.jpg,stop,250,34,308,200
trainBag_01868.jpg,stop,239,32,297,198
trainBag_01869.jpg,stop,215,31,273,197
trainBag_01870.jpg,stop,203,28,264,199
trainBag_01871.jpg,stop,178,24,242,199
trainBag_01872.jpg,stop,156,22,220,200
trainBag_01873.jpg,stop,145,20,209,198
trainBag_01874.jpg,stop,122,18,189,199
trainBag_01875.jpg,stop,113,18,180,199
trainBag_01876.jpg,stop,93,16,162,202
trainBag_01877.jpg,stop,73,14,142,200
trainBag_01878.jpg,stop,64,12,136,203
trainBag_01879.jpg,stop,45,9,119,203
trainBag_01880.jpg,stop,36,9,110,205
trainBag_01881.jpg,stop,19,7,93,206
trainBag_01882.jpg,stop,3,7,77,206
trainBag_01883.jpg,stop,0,9,69,210
trainBag_01884.jpg,stop,0,9,52,212
trainBag_01885.jpg,stop,0,6,44,214
trainBag_01886.jpg,go,0,6,35,216
